<application>
  <component name="ProjectManager">
    <defaultProject>
      <component name="ProjectRootManager" version="2" project-jdk-name="Python 3.7" project-jdk-type="Python SDK" />
      <component name="PropertiesComponent">
        <property name="settings.editor.selected.configurable" value="preferences.pluginManager" />
      </component>
      <component name="YapfSettings">
        <option name="executablePath" value="/Applications/anaconda3/bin/yapf" />
      </component>
    </defaultProject>
  </component>
</application>