<application>
  <component name="UpdatesConfigurable">
    <ignoredBuildNumbers>
      <item value="183.5912.18" />
      <item value="191.6605.12" />
      <item value="191.6183.50" />
      <item value="191.7141.48" />
      <item value="191.7479.30" />
    </ignoredBuildNumbers>
    <option name="LAST_BUILD_CHECKED" value="PY-202.6397.98" />
    <option name="LAST_TIME_CHECKED" value="1598431237413" />
    <option name="THIRD_PARTY_PLUGINS_ALLOWED" value="true" />
  </component>
</application>