<code_scheme name="Default" version="173">
  <option name="RIGHT_MARGIN" value="132" />
  <option name="FORMATTER_TAGS_ENABLED" value="true" />
  <Python>
    <option name="SPACE_AROUND_EQ_IN_NAMED_PARAMETER" value="true" />
    <option name="SPACE_AROUND_EQ_IN_KEYWORD_ARGUMENT" value="true" />
  </Python>
  <codeStyleSettings language="Python">
    <indentOptions>
      <option name="USE_TAB_CHARACTER" value="true" />
      <option name="SMART_TABS" value="true" />
      <option name="KEEP_INDENTS_ON_EMPTY_LINES" value="true" />
    </indentOptions>
  </codeStyleSettings>
  <codeStyleSettings language="yaml">
    <indentOptions>
      <option name="INDENT_SIZE" value="4" />
      <option name="KEEP_INDENTS_ON_EMPTY_LINES" value="true" />
    </indentOptions>
  </codeStyleSettings>
</code_scheme>