<application>
  <component name="FileTypeManager" version="17">
    <ignoreFiles list="*$py.class;*.hprof;*.pyc;*.pyo;*.rbc;*.yarb;*~;.DS_Store;.git;.hg;.svn;CVS;__pycache__;_svn;vssver.scc;vssver2.scc;" />
    <extensionMap>
      <mapping pattern="notes" type="Markdown" />
      <mapping ext="pkl" type="PLAIN_TEXT" />
      <mapping ext="pth" type="PLAIN_TEXT" />
      <mapping ext="logs" type="PLAIN_TEXT" />
      <mapping ext="npy" type="PLAIN_TEXT" />
      <removed_mapping ext="bat" approved="true" type="PLAIN_TEXT" />
      <removed_mapping ext="log" approved="true" type="PLAIN_TEXT" />
      <removed_mapping ext="cmd" approved="true" type="PLAIN_TEXT" />
      <mapping pattern="post_image_to_oss" type="Python" />
      <mapping pattern="master,ym" type="YAML" />
      <mapping pattern="lle_config" type="YAML" />
      <removed_mapping ext="bat" approved="true" type="PLAIN_TEXT" />
      <removed_mapping ext="log" approved="true" type="PLAIN_TEXT" />
      <removed_mapping pattern="Makefile" approved="true" type="PLAIN_TEXT" />
      <removed_mapping ext="dockerfile" approved="true" type="textmate" />
      <removed_mapping ext="makefile" approved="true" type="textmate" />
      <removed_mapping ext="cmd" approved="true" type="PLAIN_TEXT" />
      <removed_mapping ext="snakefile" approved="true" type="textmate" />
      <mapping pattern="*.js.flow" type="Flow" />
    </extensionMap>
  </component>
</application>