<profile version="1.0">
  <option name="myName" value="Default" />
  <inspection_tool class="DuplicatedCode" enabled="false" level="WEAK WARNING" enabled_by_default="false" />
  <inspection_tool class="JupyterKernelInspection" enabled="false" level="WARNING" enabled_by_default="false" />
  <inspection_tool class="PyArgumentEqualDefaultInspection" enabled="true" level="WEAK WARNING" enabled_by_default="true" />
  <inspection_tool class="PyAttributeOutsideInitInspection" enabled="false" level="WEAK WARNING" enabled_by_default="false" />
  <inspection_tool class="PyAugmentAssignmentInspection" enabled="true" level="WEAK WARNING" enabled_by_default="true" />
  <inspection_tool class="PyClassicStyleClassInspection" enabled="true" level="WARNING" enabled_by_default="true" />
  <inspection_tool class="PyCompatibilityInspection" enabled="true" level="WARNING" enabled_by_default="true">
    <option name="ourVersions">
      <value>
        <list size="2">
          <item index="0" class="java.lang.String" itemvalue="2.7" />
          <item index="1" class="java.lang.String" itemvalue="3.8" />
        </list>
      </value>
    </option>
  </inspection_tool>
  <inspection_tool class="PyMandatoryEncodingInspection" enabled="true" level="WARNING" enabled_by_default="true" />
  <inspection_tool class="PyMissingTypeHintsInspection" enabled="true" level="WEAK WARNING" enabled_by_default="true" />
  <inspection_tool class="PyPackageRequirementsInspection" enabled="true" level="WARNING" enabled_by_default="true">
    <option name="ignoredPackages">
      <value>
        <list size="1">
          <item index="0" class="java.lang.String" itemvalue="requests" />
        </list>
      </value>
    </option>
  </inspection_tool>
  <inspection_tool class="PyPep8Inspection" enabled="true" level="WEAK WARNING" enabled_by_default="true">
    <option name="ignoredErrors">
      <list>
        <option value="E402" />
        <option value="E303" />
        <option value="E722" />
        <option value="E101" />
        <option value="E117" />
      </list>
    </option>
  </inspection_tool>
  <inspection_tool class="PyPep8NamingInspection" enabled="false" level="WEAK WARNING" enabled_by_default="false" />
  <inspection_tool class="PyShadowingNamesInspection" enabled="false" level="WEAK WARNING" enabled_by_default="false" />
  <inspection_tool class="SpellCheckingInspection" enabled="false" level="TYPO" enabled_by_default="false">
    <option name="processCode" value="true" />
    <option name="processLiterals" value="true" />
    <option name="processComments" value="true" />
  </inspection_tool>
  <inspection_tool class="SqlDialectInspection" enabled="false" level="WARNING" enabled_by_default="false" />
  <inspection_tool class="SqlNoDataSourceInspection" enabled="false" level="WARNING" enabled_by_default="false" />
</profile>